checked_at,dataset_id,last_day
2026-10-08T14:43:57Z,monitorizacao-sazonal-csh,2026-10-06
2026-10-08T14:44:07Z,atividade-sindrome-gripal-csh,2026-10-06
2026-10-08T14:44:09Z,atendimentos-em-urgencia-triagem-manchester,2026-07-01
2026-10-08T14:44:11Z,atendimentos-por-tipo-de-urgencia-hospitalar-link,2026-07-01
2026-10-08T15:22:40Z,monitorizacao-sazonal-csh,2026-10-06
2026-10-08T15:22:48Z,atividade-sindrome-gripal-csh,2026-10-06
2026-10-08T15:22:51Z,atendimentos-em-urgencia-triagem-manchester,2026-07-01
2026-10-08T15:22:53Z,atendimentos-por-tipo-de-urgencia-hospitalar-link,2026-07-01
2026-10-09T15:05:24Z,monitorizacao-sazonal-csh,2026-10-06
2026-10-09T15:05:33Z,atividade-sindrome-gripal-csh,2026-10-06
2026-10-09T15:05:35Z,atendimentos-em-urgencia-triagem-manchester,2026-07-01
2026-10-09T15:05:37Z,atendimentos-por-tipo-de-urgencia-hospitalar-link,2026-07-01
